Wall time,Step,auc,cc,nss,sauc
1701661429,0,0.819998085,0.73415643,2.251141071,0.659923136
1701662071,1,0.815227568,0.729126275,2.156838179,0.657672167
1701662712,2,0.810822845,0.713160753,2.142054796,0.655454934
1701663320,3,0.81533134,0.723932087,2.165439606,0.657697976
1701663825,4,0.816963315,0.727594018,2.187945604,0.658552766
1701664321,5,0.821637571,0.730018079,2.180272341,0.660915911
1701664796,6,0.81453383,0.724896073,2.179198503,0.657299578
1701665175,7,0.815908015,0.726325214,2.171502113,0.657962024
1701665546,8,0.810495973,0.713221669,2.131531477,0.655219495
1701665935,9,0.811561346,0.714320302,2.16552496,0.655608296
1701666312,10,0.817103386,0.720667541,2.191581249,0.658544898
1701666628,11,0.809458971,0.706453562,2.111169577,0.654756188
1701666941,12,0.811456263,0.708481789,2.145792723,0.655968487
1701667250,13,0.810204148,0.708481848,2.136906624,0.655044734
1701667507,14,0.808874369,0.703413129,2.115915775,0.65435642
