Wall time,Step,auc,cc,nss,sauc
1701661306,0,0.812312603,0.715755999,2.139625549,0.656084418
1701661917,1,0.807465434,0.706589818,2.130256891,0.653800786
1701662519,2,0.805248201,0.708211601,2.134653568,0.652663291
1701663115,3,0.808581293,0.711220324,2.126386404,0.654362738
1701663604,4,0.816119552,0.719923854,2.137874842,0.658121884
1701664063,5,0.819869816,0.725567579,2.154732943,0.659988642
1701664522,6,0.803079307,0.703509212,2.091151476,0.651553214
1701664920,7,0.81619817,0.724734306,2.161392212,0.657973707
1701665279,8,0.816372395,0.718286097,2.132956505,0.658358932
1701665645,9,0.815654159,0.72647059,2.15922308,0.657708883
1701666001,10,0.810133696,0.726687074,2.151901484,0.655059576
1701666329,11,0.800910056,0.697376966,2.045264721,0.650471687
1701666608,12,0.811095178,0.718332887,2.134927034,0.655685842
1701666890,13,0.81803894,0.722768009,2.136731625,0.658972681
1701667172,14,0.803731024,0.718151271,2.13566494,0.65175879
