Wall time,Step,auc,cc,nss,sauc
1701670825,0,0.818337023,0.736765146,2.215183973,0.659064472
1701671079,1,0.818371475,0.734539449,2.234226465,0.659209847
1701671285,2,0.814748347,0.726901054,2.167150021,0.657381713
1701671484,3,0.822469473,0.736801505,2.207850456,0.661293745
1701671678,4,0.817925036,0.732063711,2.183287859,0.659054816
1701671871,5,0.821618378,0.734581709,2.217602253,0.660934567
1701672062,6,0.814078033,0.727921903,2.187864542,0.657067716
1701672253,7,0.81996578,0.73240912,2.20861125,0.659963608
1701672444,8,0.812921464,0.721023917,2.155348778,0.656483352
1701672642,9,0.814710855,0.7228688,2.184878349,0.657129705
1701672846,10,0.811754405,0.725163221,2.202602386,0.655795634
1701673044,11,0.808690667,0.710963547,2.117716312,0.654326499
1701673240,12,0.810853601,0.715828061,2.156005859,0.655610263
1701673444,13,0.808380902,0.713878393,2.151422977,0.654184043
1701673636,14,0.807085812,0.710638344,2.135093927,0.653460145
