Wall time,Step,auc,cc,nss,sauc
1701671180,0,0.819915235,0.740266562,2.228461742,0.659805775
1701671560,1,0.818985999,0.734238386,2.21693325,0.659488022
1701671890,2,0.813728213,0.72737354,2.168913841,0.656903684
1701672244,3,0.820235193,0.732883573,2.173290253,0.660162628
1701672564,4,0.818276703,0.734200478,2.206016541,0.659223735
1701672809,5,0.82365191,0.735865772,2.216963291,0.661921501
1701673051,6,0.813048482,0.727526605,2.193840027,0.656561494
1701673335,7,0.818816602,0.729244947,2.184561729,0.659379125
1701673687,8,0.811121643,0.717882216,2.147255421,0.655543506
1701674050,9,0.813661695,0.717958629,2.167286634,0.656677246
1701674420,10,0.814235687,0.720920742,2.187389851,0.657089949
1701674787,11,0.810265243,0.708606303,2.120106936,0.655113041
1701675126,12,0.810436487,0.705854952,2.12525034,0.655426443
1701675473,13,0.810283363,0.713701129,2.165544748,0.655081689
1701675795,14,0.8078053,0.701079607,2.102528095,0.653836191
