Wall time,Step,auc,cc,nss,sauc
1701587397,0,0.714159548,0.452385753,1.236707568,0.607160151
1701587866,1,0.720892131,0.524475455,1.661175966,0.610740006
1701588388,2,0.740903437,0.55585444,1.793029189,0.620454133
1701588764,3,0.755010486,0.559525251,1.738510966,0.627517223
1701589163,4,0.766365528,0.575989425,1.778512597,0.633312762
1701589499,5,0.75914675,0.55389601,1.704075217,0.629633725
1701589763,6,0.756476223,0.543760955,1.669737697,0.628258586
1701590113,7,0.754508615,0.527658701,1.595337272,0.627343059
1701590425,8,0.756441653,0.531522989,1.57349062,0.628383458
1701590865,9,0.759172976,0.533175349,1.592625141,0.62946409
1701591273,10,0.759121478,0.526058853,1.564584136,0.629549563
1701591608,11,0.761716068,0.534839034,1.59616673,0.63085109
1701591933,12,0.757781446,0.530624032,1.587902784,0.62894249
1701592336,13,0.759396076,0.52776587,1.58342123,0.62962085
1701592795,14,0.759205401,0.526479125,1.580424905,0.629511058
1701593219,15,0.760509133,0.535801768,1.563860416,0.630216837
1701593630,16,0.756320655,0.522699416,1.566638589,0.628201485
1701593997,17,0.75629735,0.526527166,1.551986456,0.628082812
1701594415,18,0.757208288,0.530633211,1.573148131,0.628564537
1701594968,19,0.755744457,0.526682377,1.566763997,0.627877712
1701595559,20,0.754869163,0.525437117,1.553479791,0.627494097
1701596240,21,0.755829275,0.522569954,1.546459913,0.627948642
1701596842,22,0.754367352,0.520709395,1.557104468,0.627200425
1701597429,23,0.756109774,0.524382114,1.5435884,0.628108621
1701597941,24,0.752015412,0.529634953,1.575948715,0.62614572
