Wall time,Step,auc,cc,nss,sauc
1701656178,0,0.862759113,0.825646341,2.015444517,0.681390703
1701656465,1,0.863418758,0.839037955,2.041251183,0.681774855
1701656768,2,0.86462599,0.849528193,2.041790009,0.682326972
1701657065,3,0.861246884,0.838810384,2.061000109,0.680632055
1701657367,4,0.862281382,0.842801213,2.044806719,0.681157529
1701657642,5,0.863855839,0.846224189,2.051203251,0.681965709
1701657916,6,0.862845123,0.84737581,2.037375927,0.681558669
1701658181,7,0.861504495,0.843968749,2.04230237,0.68077755
1701658408,8,0.859609187,0.838209212,2.027156115,0.679800272
1701658793,9,0.85946101,0.839306116,2.017548323,0.679792047
1701659307,10,0.859580398,0.837982357,2.030556917,0.679911435
1701659820,11,0.858807504,0.840341687,2.022399426,0.679386377
1701660335,12,0.858784497,0.838272095,2.016851187,0.679297507
1701660885,13,0.856717408,0.833108306,2.006747484,0.678347826
1701661527,14,0.858398318,0.834367454,2.0189569,0.679266334
1701662146,15,0.854566693,0.828487754,2.014494419,0.677291393
1701662758,16,0.859099686,0.842388093,2.024050713,0.679613352
1701663339,17,0.855310857,0.832067132,2.006075859,0.677610993
1701663808,18,0.857436597,0.830983877,2.00934124,0.67889905
1701664278,19,0.85316515,0.82959199,1.993262053,0.676651657
1701664748,20,0.856704652,0.832213581,1.993937016,0.678347409
1701665079,21,0.857403457,0.831489027,2.023539066,0.678723514
1701665401,22,0.853043556,0.830143154,1.98945415,0.676513851
1701665813,23,0.854553878,0.826707482,2.004680872,0.67735976
1701666235,24,0.856247604,0.832430542,2.004929304,0.678162456
