Wall time,Step,auc,cc,nss,sauc
1701586916,0,0.82120657,0.733298957,2.048142195,0.660651267
1701587399,1,0.821433961,0.734360158,2.056708336,0.660706222
1701587870,2,0.817251861,0.72861737,2.032212734,0.65877676
1701588390,3,0.815423667,0.713736951,2.008403301,0.657734632
1701588760,4,0.811539054,0.704353631,2.01837492,0.655791283
1701589154,5,0.811936557,0.688499033,1.899120808,0.655927122
1701589491,6,0.812443852,0.704716027,1.987251043,0.656249464
1701589759,7,0.816608429,0.704462767,1.93314898,0.658273637
1701590100,8,0.813169777,0.681905091,1.851122618,0.656489491
1701590420,9,0.814730704,0.702540517,1.948676586,0.657317698
1701590864,10,0.813169897,0.709770739,1.997323632,0.656575143
1701591281,11,0.813896298,0.703147531,1.952360034,0.656822145
1701591623,12,0.814457834,0.703909934,1.958094716,0.657397568
1701591937,13,0.813727438,0.697599292,1.919629335,0.656669676
1701592337,14,0.813967347,0.699257195,1.929147243,0.65702647
1701592796,15,0.814712942,0.693858922,1.894690752,0.65737766
1701593217,16,0.814544678,0.694465935,1.890767574,0.65745157
1701593633,17,0.815522432,0.708215833,1.970266581,0.657810986
1701594012,18,0.814248621,0.702172995,1.949920058,0.65710789
1701594448,19,0.813902199,0.691558719,1.897011638,0.656976223
1701595004,20,0.813958824,0.704620302,1.955372095,0.657129586
1701595569,21,0.811095893,0.695335805,1.935137868,0.655614436
1701596233,22,0.810426295,0.67174691,1.820814848,0.655184627
1701596874,23,0.814263046,0.697088838,1.909898996,0.657018483
1701597497,24,0.807755113,0.665442467,1.78540194,0.653919637
