Wall time,Step,auc,cc,nss,sauc
1701597387,0,0.876335561,0.876290202,1.992084026,0.688069344
1701598438,1,0.873200297,0.879661322,2.022972822,0.686732829
1701599386,2,0.870788157,0.866175532,1.986806154,0.685406268
1701600308,3,0.869263172,0.865709841,1.979576468,0.684606731
1701601292,4,0.869660556,0.867823005,1.978665471,0.684812784
1701602251,5,0.86870724,0.86225307,1.953178883,0.684384227
1701603172,6,0.869750202,0.872186482,1.991980791,0.684910536
1701604097,7,0.870720088,0.875793099,2.013441324,0.685377181
1701605077,8,0.867721498,0.869678199,1.98521781,0.683836341
1701606027,9,0.868011475,0.870234847,1.989098668,0.684010744
1701606919,10,0.868285537,0.868606627,1.974452257,0.684155047
1701607450,11,0.866355538,0.863200188,1.963050008,0.683151841
1701607959,12,0.86606884,0.871355593,2.007290602,0.683022082
1701608452,13,0.867630482,0.868725598,1.990545869,0.683730781
1701608892,14,0.866139054,0.866651714,1.983875751,0.683076739
1701609401,15,0.866149724,0.864675224,1.97244215,0.683113396
1701609889,16,0.865900457,0.863782823,1.966501117,0.68295604
1701610364,17,0.865943134,0.864904404,1.968601584,0.68304193
1701610845,18,0.865520477,0.866136014,1.979389668,0.682714462
1701611295,19,0.864960551,0.859410226,1.951489091,0.682536244
1701611755,20,0.866221547,0.866600037,1.990208387,0.683018565
1701612228,21,0.866025448,0.870529711,1.999794245,0.683042943
1701612660,22,0.865444362,0.866414785,1.980673432,0.682713091
1701613174,23,0.86512208,0.869758427,1.992650628,0.682588816
1701613649,24,0.865640283,0.86492312,1.971427917,0.682688355
