Wall time,Step,auc,cc,nss,sauc
1701597084,0,0.818185329,0.740567863,1.801121116,0.659045875
1701597650,1,0.819955289,0.743550301,1.769629717,0.660000563
1701598131,2,0.820835769,0.744773805,1.789912701,0.660346568
1701598560,3,0.816422224,0.713355601,1.680809498,0.658288717
1701598971,4,0.814305842,0.726274788,1.744032145,0.657211721
1701599405,5,0.814134657,0.717850924,1.693323016,0.657147169
1701599835,6,0.814228833,0.732030094,1.763495684,0.657129467
1701600282,7,0.812099218,0.721003294,1.719411492,0.655967593
1701600711,8,0.811920524,0.721421957,1.721994281,0.656059086
1701601148,9,0.813326538,0.713574767,1.671762943,0.656680763
1701601589,10,0.808997452,0.716499627,1.713538766,0.654412627
1701602002,11,0.815499723,0.730666876,1.739864469,0.657672763
1701602438,12,0.809554219,0.70833981,1.685707569,0.654681146
1701602851,13,0.811744392,0.717353284,1.701087594,0.655963898
1701603300,14,0.807106495,0.707409024,1.689882517,0.653538108
1701603750,15,0.813227534,0.726549268,1.724637985,0.656491995
1701604205,16,0.811023593,0.720395088,1.733493447,0.655470133
1701604626,17,0.812088311,0.726910651,1.726824999,0.656188548
1701605084,18,0.811632156,0.732006013,1.794267058,0.655885637
1701605487,19,0.812160313,0.726843417,1.722129107,0.656082273
1701605929,20,0.812942743,0.720163584,1.731257677,0.656539917
1701606373,21,0.814433038,0.730257988,1.734229565,0.657136977
1701606814,22,0.811720073,0.715130389,1.696083069,0.655846834
1701607117,23,0.812832773,0.732178986,1.764181256,0.656273365
1701607317,24,0.812522292,0.733023107,1.764329076,0.656216323
