{"quality_score": {"PLCC": 0.8812321639908318, "SRCC": 0.894121068233803}, "resolution_score": {"PLCC": 0.8782918977577052, "SRCC": 0.8936908363317547}, "detail_score": {"PLCC": 0.8695797861863442, "SRCC": 0.8830942191589373}, "No_blur_score": {"PLCC": 0.8681230279939749, "SRCC": 0.8801000655384787}, "No_noise_score": {"PLCC": 0.8517317940320788, "SRCC": 0.8647101332905089}, "color_accuracy_score": {"PLCC": 0.8772146972989014, "SRCC": 0.8928925472766809}, "contrast_score": {"PLCC": 0.8756255263310718, "SRCC": 0.8932175269857942}}